<?xml version="1.0" encoding="UTF-8"?>
<metadata xml:lang="es"><Esri><CreaDate>20220817</CreaDate><CreaTime>21461900</CreaTime><ArcGISFormat>1.0</ArcGISFormat><SyncOnce>TRUE</SyncOnce><DataProperties><lineage><Process ToolSource="c:\program files\arcgis\pro\Resources\ArcToolbox\toolboxes\Data Management Tools.tbx\DeleteField" Date="20220817" Time="214619">DeleteField R07_MZ_INFO E4A18;E15A24;ESCOLAR;P03A_4;P03A_5;P03A_6;P03B_4;P03B_6;P03B_7;P03C_4;P03C_5;NIV_HAC2;NIV_HAC3;HOMBRES;MUJERES;MONOPAR;P17_ACT;P17_4;J_NINI;JH_HASTA_P;JH_HASTA_S;IEJ;IRH;IEM;IPJ;ISV;IVI;ILPE;ILPR;IGPE;IGPR;IATA;ICV;ICUL_L;ICUL_M;ICUL;IAV_L;IAV_M;IAV;ISAL_L;ISAL_M;ISAL;IDEP_L;IDEP_M;IDEP;ISER_M;ISER;ISE_L;ISE_M;ISE;DIM_ACC;DIM_SOC;DIM_AMB;DIM_SEG;IBT_BRUTO;IBT;CLUSTERM "Delete Fields"</Process><Process ToolSource="c:\program files\arcgis\pro\Resources\ArcToolbox\toolboxes\Data Management Tools.tbx\DeleteField" Date="20220817" Time="214635">DeleteField R07_MZ_INFO ID_MANZCIT "Delete Fields"</Process></lineage></DataProperties></Esri></metadata>
