<?xml version="1.0" encoding="UTF-8"?>
<metadata xml:lang="es"><Esri><CreaDate>20220615</CreaDate><CreaTime>13412100</CreaTime><ArcGISFormat>1.0</ArcGISFormat><ArcGISstyle>XTools Pro Metadata</ArcGISstyle><SyncOnce>TRUE</SyncOnce><DataProperties><lineage><Process ToolSource="c:\program files (x86)\arcgis\desktop10.1\ArcToolbox\Toolboxes\Data Management Tools.tbx\Append" Date="20181031" Time="115800">Append E:\Corte_Capas\Trabajo\Vacias2\Nacional_Vacia_Sin_DS_2.gdb\CAPAS_SECUNDARIAS\Vias_Precenso E:\Corte_Capas\Trabajo\Vacias2\Nacional_Vacia_Con_DS.gdb\CAPAS_SECUNDARIAS\Vias_Precenso NO_TEST "TIPO "TIPO" true false false 10 Text 0 0 ,First,#,E:\Corte_Capas\Trabajo\Vacias2\Nacional_Vacia_Sin_DS_2.gdb\CAPAS_SECUNDARIAS\Vias_Precenso,TIPO,-1,-1;AREA_C "AREA_C" true true false 50 Text 0 0 ,First,#,E:\Corte_Capas\Trabajo\Vacias2\Nacional_Vacia_Sin_DS_2.gdb\CAPAS_SECUNDARIAS\Vias_Precenso,AREA_C,-1,-1;NOMBRE "NOMBRE" true true false 50 Text 0 0 ,First,#,E:\Corte_Capas\Trabajo\Vacias2\Nacional_Vacia_Sin_DS_2.gdb\CAPAS_SECUNDARIAS\Vias_Precenso,NOMBRE,-1,-1;SHAPE_Length "SHAPE_Length" false true true 8 Double 0 0 ,First,#,E:\Corte_Capas\Trabajo\Vacias2\Nacional_Vacia_Sin_DS_2.gdb\CAPAS_SECUNDARIAS\Vias_Precenso,SHAPE_Length,-1,-1" #</Process></lineage></DataProperties></Esri></metadata>
